Workbook

Sheet Summary
A1: The Evaluation of Cost for Poor Quality Control
A3: 1. Please select the consequence due to this incident
A4: Downtime | B4: =IF(C4="YES",1,0) -> 1 | C4: YES | D4: *Shut down one line or two lines in the finishing area
A5: Lower Porduction Rate | B5: =IF(C5="YES",1,0) -> 0 | C5: NO | D5: *Reduce the polymer rate SP40121. If polymer rate reduction is due to downtime, no need to input here.
A6: More Scrap | B6: =IF(C6="YES",1,0) -> 1 | C6: YES | D6: Scrap was produced due to this incident.
A7: More C-grade | B7: =IF(C7="YES",1,0) -> 1 | C7: YES | D7: Off-spec products were produced due to this incident. Off-spec products are going to sell out.
A8: Need to Rework | B8: =IF(C8="YES",1,0) -> 1 | C8: YES | D8: *Products need to be repacked due to this incident.
A9: Need to Repack | B9: =IF(C9="YES",1,0) -> 0 | C9: NO | D9: *Products need to be reworked due to this incident.
A10: Note: Don't count it twice. For example, C-grade products are going to rework. You just select "Need to Rework" instead of "More C-grade".
A11: If you have added lower porduction rate due to reworking, please just select "Rework" and don't select"Lower production rate".
A13: 2. Input the data
A14: Please input the cells with | D14: ←this color of background.
A15: Nameplate | B15: =B4+B5+B8 -> 2 | C15: 3411
A16: Total Downtime | B16: =B4 -> 1 | C16: 48 | D16: hrs | E16: The downtime for each lines in the finishing area. If both lines are down at 24 hours, the total downtime is 48 hours.
A17: The Flow Rate for Lower Production Rate | B17: =B5 -> 0 | C17: 9500 | D17: lb/h | E17: SP-40121
A18: Hours for Lower Production Rate | B18: =B5 -> 0 | C18: 48 | D18: hrs | E18: Hous to lower SP-40121
A19: The Total Amount of Scrap Produced | B19: =B6 -> 1 | C19: 100000 | D19: lb | E19: Scrap was produced due to this incident
A20: The Total Amount of C-Grade Produced | B20: =B7 -> 1 | C20: 100000 | D20: lb | E20: C grade products were produced due to this incident
A21: Production Rate Reduction Due to Reowork | B21: =B8 -> 1 | C21: 1000 | D21: lb/h | E21: This is equal to reworking rate in the normal case. For some cases as MI products, it could be zero.
A22: Reworking Rate | B22: =B8 -> 1 | C22: 1000 | D22: lb/h
A23: Total Quantity for Reworking | B23: =B8 -> 1 | C23: 200000 | D23: lb
A24: Rework from Which Packages | B24: =B8 -> 1 | C24: Bags
A25: Quantity in The Packaging Unit from Reworking | B25: =B8 -> 1 | C25: 30 | D25: lb/piece | E25: lbs/bag, lbs/box or lbs/supersack (per supersack not per pallet).
A26: Packaging Prices from Reworking Package
A27: Bag to Rework | B27: =B8*IF(C24="Bags",1,0) -> 1 | C27: 0.88 | D27: USD/piece
A28: Box to Rework | B28: =B8*IF(C24="Box",1,0) -> 0 | C28: 32 | D28: USD/piece
A29: Supersack to Rework | B29: =B8*IF(C24="Single sacks",1,IF(C24="Double stack supersacks",1,0)) -> 0 | C29: 12 | D29: USD/piece
A30: Total Quantity for Repacking | B30: =B9 -> 0 | C30: 20000 | D30: lbs
A31: The Original Package for Repacking | B31: =B9 -> 0 | C31: Bags
A32: Quantity in The Package Unit from Repacking | B32: =B9 -> 0 | C32: 30 | D32: lb/piece | E32: lbs/bag, lbs/box or lbs/supersack (per supersack not per pallet).
A33: Packaging Prices from Repacking Package
A34: Bag to Repack | B34: =B9*IF(C31="Bags",1,0) -> 0 | C34: 0.88 | D34: USD/piece
A35: Box to Repack | B35: =B9*IF(C31="Box",1,0) -> 0 | C35: 32 | D35: USD/piece
A36: Supersack to Repack | B36: =B9*IF(C31="Single sacks",1,IF(C31="Double stack supersacks",1,0)) -> 0 | C36: 12 | D36: USD/piece
A37: Extra Coverage for Repacking | B37: =B9 -> 0 | C37: 1 | D37: persons
A38: Overtime hours for Repacking per person | B38: =B9 -> 0 | C38: 24 | D38: hours/person
A39: Estimated Average Payrate for Coverage of Repacking | B39: =B9 -> 0 | C39: 35 | D39: USD/hour
A41: The Cost for the Poor Quality Control | C41: =B4*Downtime!B9+Summary!B5*'Lower Production'!B12+Summary!B6*Scrap!B6+Summary!B7*Cgrade!B6+Summary!B8*Rework!C39+Summary!B9*Repack!B16 -> 284.54485 | D41: kUSD

Sheet Downtime
A1: The Money Loss Due to Downtime
A3: Nameplate | B3: =Summary!C15 -> 3411 | D3: Remark | L3: Products | M3: Production (MT/d)
A4: Total downtime in this event | B4: =Summary!C16 -> 48 | C4: hrs | D4: The downtime is based on finishing lines | L4: 3411 | M4: 200
A5: Fixed cost | B5: 100 | C5: kUSD/Day | L5: 3411C | M5: 176
A6: Standard rate | B6: =VLOOKUP(B3,L4:M21,2) -> 200 | C6: MT/D | L6: 3412 | M6: 200
A7: Gross margin | B7: 75 | C7: USD/MT | L7: 3414 | M7: 200
A8: Loss from gross margin | B8: =B4/2/24*B6*B7 -> 15000 | C8: USD | L8: 3401 | M8: 176
A9: Total loss | B9: =B8/1000+B4/2/24*B5 -> 115 | C9: kUSD | L9: 3501 | M9: 200
L10: 3520 | M10: 200
L11: 3522 | M11: 200
L12: 3527 | M12: 176
L13: 3537 | M13: 200
L14: 1411 | M14: 210
L15: 3566 | M15: 200
L16: 3546 | M16: 189
L17: 3601 | M17: 175
L18: 3681 | M18: 175
L19: 3710 | M19: 178
L20: 3760 | M20: 160
L21: 3741 | M21: 200

Sheet Lower Production
A1: The Money loss for Lower Porduction
A3: Nameplate | B3: =Summary!C15 -> 3411 | D3: Remark | I3: Products | J3: Production (MT/d)
A4: The flow rate after blending tank | B4: =Summary!C17 -> 9500 | C4: lb/h | D4: SP-40121 | I4: 3411 | J4: 200
A5: Hours for lower production | B5: =Summary!C18 -> 48 | C5: hrs | D5: Hous to lower SP-40121 | I5: 3411C | J5: 176
A6: The equipment standard rate | B6: =VLOOKUP(B3,I4:J21,2) -> 200 | C6: MT/d | I6: 3412 | J6: 200
A7: The equivalent downtime | B7: =(B6-B4*0.454/1000*24)*(B5/24)/B6*24 -> 23.15712 | C7: hrs | I7: 3414 | J7: 200
A8: Fixed cost | B8: 100 | C8: kUSD/Day | I8: 3401 | J8: 176
A9: Standard rate | B9: =B6 -> 200 | C9: MT/D | I9: 3501 | J9: 200
A10: Gross margin | B10: 75 | C10: USD/MT | I10: 3520 | J10: 200
A11: Loss from gross margin | B11: =B7/24*B9*B10 -> 14473.2 | C11: USD | I11: 3522 | J11: 200
A12: Total loss | B12: =B11/1000+B7/24*B8 -> 110.9612 | C12: kUSD | I12: 3527 | J12: 176
I13: 3537 | J13: 200
I14: 1411 | J14: 210
I15: 3566 | J15: 200
I16: 3546 | J16: 189
I17: 3601 | J17: 175
I18: 3681 | J18: 175
I19: 3710 | J19: 178
I20: 3760 | J20: 160
I21: 3741 | J21: 200

Sheet Scrap
A1: The Money Loss Due to Scrap
A3: The total amount of Scrap | B3: =Summary!C19 -> 100000 | C3: lb | D3: Scrap was produced due to this incident
A4: Average Scrap Price | B4: 0.37 | C4: USD/lb
A5: Average Prime Product Price | B5: 1.1451 | C5: USD/lb
A6: The lost from extra scrap | B6: =B3*(B5-B4)/1000 -> 77.51 | C6: kUSD

Sheet Cgrade
A1: The Money Loss Due to Scrap
A3: The total amount of C-grade | B3: =Summary!C20 -> 100000 | C3: lb | D3: C grade products were produced due to this incident
A4: Average Off-Spec Product Price | B4: 0.8056 | C4: USD/lb
A5: Average Prime Product Price | B5: 1.1451 | C5: USD/lb
A6: The lost from extra scrap | B6: =B3*(B5-B4)/1000 -> 33.95 | C6: kUSD

Sheet Rework
A1: The Money Loss Due to Reworking
A3: Assume: We don't bring extra people for rework, so no additional cost for labor. | G3: Products | H3: Production (MT/d)
A4: Nameplate | B4: =Summary!C15 -> 3411 | G4: 3411 | H4: 200 | I4: Yes
A5: Will it cause lower production rate | B5: =VLOOKUP(B4,G4:I21,3) -> Yes | G5: 3411C | H5: 176 | I5: Yes
A6: Production Rate Reduction | B6: =Summary!C21 -> 1000 | C6: lb/h | D6: This is equal to reworking rate in the normal case | G6: 3412 | H6: 200 | I6: Yes
A7: Reworking Rate | B7: =Summary!C22 -> 1000 | C7: lb/h | G7: 3414 | H7: 200 | I7: Yes
A8: Total Quantity for Reworking | B8: =Summary!C23 -> 200000 | C8: lb | D8: =B8*0.454/1000 -> 90.8 | G8: 3401 | H8: 176 | I8: -
A9: Reworking time | B9: =B8/B7 -> 200 | C9: hrs | G9: 3501 | H9: 200 | I9: Yes
A10: Rework from which packages | B10: =Summary!C24 -> Bags | G10: 3520 | H10: 200 | I10: No
A11: Quantity in the package unit | B11: =Summary!C25 -> 30 | C11: lb/piece | D11: lbs/bag, lbs/box or lbs/supersack (per supersack not per pallet). | G11: 3522 | H11: 200 | I11: No
A12: Packaging prices | G12: 3527 | H12: 176 | I12: No
A13: Bag | B13: =Summary!C27 -> 0.88 | C13: USD/piece | G13: 3537 | H13: 200 | I13: Yes
A14: Box | B14: =Summary!C28 -> 32 | C14: USD/piece | G14: 1411 | H14: 210 | I14: -
A15: Supersack | B15: =Summary!C29 -> 12 | C15: USD/piece | G15: 3566 | H15: 200 | I15: Yes
G16: 3546 | H16: 189 | I16: -
A17: Operation Loss | G17: 3601 | H17: 175 | I17: -
A18: Quantities need to be reworked | B18: lbs | C18: =B8 -> 200000 | G18: 3681 | H18: 175 | I18: -
A19: Unit steam consumption for reworking | B19: lb/lb | C19: 0.52631579 | G19: 3710 | H19: 178 | I19: No
A20: Unit power consumption for reworking | B20: kw/lb | C20: 0.14736842 | G20: 3760 | H20: 160 | I20: No
A21: Steam for rework | B21: lb | C21: =C19*C18 -> 105263.16 | G21: 3741 | H21: 200 | I21: Yes
A22: Power for rework | B22: kw | C22: =C20*C18 -> 29473.684
A23: Electricity unit cost | B23: USD/kw | C23: 0.09
A24: Steam price | B24: USD/klb | C24: 3.6
A25: Operation cost for reworking | B25: kUSD | C25: =(C23*C22+C24*C21/1000)/1000 -> 3.0315789
A26: Standard rate | B26: MT/d | C26: =VLOOKUP(B4,G4:H21,2) -> 200
A27: Fixed cost | B27: kUSD/Day | C27: 100
A28: Fixed cost write-off | B28: kUSD | C28: =(B9*B6*0.454/1000)/C26*C27 -> 45.4
A29: Gross margin | B29: USD/MT | C29: 75
A30: Loss from gross margin | B30: kUSD | C30: =B9*B6/2.2/1000*C29/1000 -> 6.8181818
A31: Production reduced due to reworking | B31: kUSD | C31: =C28+C30 -> 52.218182
A33: Packaging Loss
A34: Unit price | B34: USD/piece | C34: =IF(B10="Bags",B13,IF(B10="Box",B14,B15)) -> 0.88
A35: Load in each package | B35: lbs/piece | C35: =B11 -> 30
A36: The loss for packaging | B36: kUSD | C36: =B8/C35*C34/1000 -> 5.8666667
A38: Total Loss
A39: Total Loss (operation cost and packaging cost) | B39: kUSD | C39: =C36+C31 -> 58.084848

Sheet Repack
A1: The Money Loss Due to Reworking
A3: Total Quantity for Repacking | B3: =Summary!C30 -> 20000 | C3: lbs
A4: The original package | B4: =Summary!C31 -> Bags
A5: Quantity in the package unit | B5: =Summary!C32 -> 30 | C5: lb/piece | D5: lbs/bag, lbs/box or lbs/supersack (per supersack not per pallet).
A6: Packaging prices
A7: Bag | B7: =Summary!C34 -> 0.88 | C7: USD/piece
A8: Box | B8: =Summary!C35 -> 32 | C8: USD/piece
A9: Supersack | B9: =Summary!C36 -> 12 | C9: USD/piece
A10: Extra coverage | B10: =Summary!C37 -> 1 | C10: persons
A11: Overtime hours | B11: =Summary!C38 -> 24 | C11: hours
A12: Estimated average payrate | B12: =Summary!C39 -> 35 | C12: USD/hour
A13: Unit price | B13: =IF(B4="Bags",B7,IF(B4="Box",B8,B9)) -> 0.88 | C13: USD/piece
A14: Cost for packaging | B14: =ROUND(B3/B5,0)*B13/1000 -> 0.58696 | C14: kUSD
A15: Cost for Overtime | B15: =B10*B11*B12/1000 -> 0.84 | C15: kUSD
A16: Total cost | B16: =B14+B15 -> 1.42696 | C16: kUSD
