Workbook

Sheet Management Dashboard 
L1: PROCESS SAFETY MANAGEMENT (PSM) DASHBOARD
V2: PHA RECOMMENDATION STATUS
B4: Total Recommendations | E4: Open | F4: Closed | G4: In-Progress | H4: Closure % | T4: Year | U4: Owner | V4: Total | W4: Open | X4: Closed | Y4: In-Progress | Z4: Closure%
C5: =SUM(D8,D10,D12,D14) -> 160 | E5: =C5-F5 -> 52 | F5: =SUM(F8,F10,F12,F14) -> 108 | G5: =SUM(G8,G10,G12,G14) -> 24 | H5: =F5/C5*100 -> 67.5 | T5: 2021 | U5: Engineering | V5: 9 | W5: =V5-X5 -> 1 | X5: 8 | Y5: 1 | Z5: =X5/V5*100 -> 88.888889
U6: Instrumentation & Controls | V6: 19 | W6: =V6-X6 -> 5 | X6: 14 | Y6: 2 | Z6: =X6/V6*100 -> 73.684211
C7: 2021 (PSM Audit) | D7: Total | E7: Open | F7: Closed | G7: In-Progress | H7: Closure % | U7: Mechanical Integrity/ Reliability | V7: 5 | W7: =V7-X7 -> 0 | X7: 5 | Y7: 0 | Z7: =X7/V7*100 -> 100
D8: 25 | E8: =D8-F8 -> 3 | F8: ='2021 PSM Audit'!B30 -> 22 | G8: ='2021 PSM Audit'!B31 -> 3 | H8: =F8/D8*100 -> 88 | U8: Operations | V8: 3 | W8: =V8-X8 -> 0 | X8: 3 | Y8: 0 | Z8: =X8/V8*100 -> 100
C9: 2021 (300,400,600) | D9: Total | E9: Open | F9: Closed | G9: In-Progress | H9: Closure % | U9: Health & Safety | V9: 2 | W9: =V9-X9 -> 0 | X9: 2 | Y9: 0 | Z9: =X9/V9*100 -> 100
D10: 38 | E10: ='2021 PHA -300,400,600'!B42 -> 6 | F10: ='2021 PHA -300,400,600'!B43 -> 32 | G10: ='2021 PHA -300,400,600'!B44 -> 3 | H10: =F10/D10*100 -> 84.210526 | T10: 2023 | U10: Owner | V10: Total | W10: Open | X10: Closed | Y10: In-Progress | Z10: Closure%
C11: 2023 (100,200) | D11: Total | E11: Open | F11: Closed | G11: In-Progress | H11: Closure % | U11: Contractor Management | V11: 1 | W11: =V11-X11 -> 0 | X11: 1 | Y11: 0 | Z11: =X11/V11*100 -> 100
D12: 36 | E12: ='2023 PHA - 100,200'!B41 -> 8 | F12: ='2023 PHA - 100,200'!B42 -> 28 | G12: ='2023 PHA - 100,200'!B43 -> 7 | H12: =F12/D12*100 -> 77.777778 | U12: Engineering | V12: 15 | W12: =V12-X12 -> 11 | X12: 4 | Y12: 1 | Z12: =X12/V12*100 -> 26.666667
C13: 2024 (500,800,900) | D13: Total | E13: Open | F13: Closed | G13: In-Progress | H13: Closure % | U13: Health and Safety | V13: 1 | W13: =V13-X13 -> 0 | X13: 1 | Y13: 0 | Z13: =X13/V13*100 -> 100
D14: 61 | E14: ='2024 PHA - 500,800,900'!B66 -> 35 | F14: ='2024 PHA - 500,800,900'!B67 -> 26 | G14: ='2024 PHA - 500,800,900'!B68 -> 11 | H14: =F14/D14*100 -> 42.622951 | U14: Instrumentation & Controls | V14: 11 | W14: =V14-X14 -> 6 | X14: 5 | Y14: 2 | Z14: =X14/V14*100 -> 45.454545
C15: 2026 (300,400,600) | U15: Operations | V15: 6 | W15: =V15-X15 -> 5 | X15: 1 | Y15: 1 | Z15: =X15/V15*100 -> 16.666667
T16: 2024 | U16: Owner | V16: Total | W16: Open | X16: Closed | Y16: In-Progress | Z16: Closure%
U17: Engineering | V17: 48 | W17: =V17-X17 -> 34 | X17: 14 | Y17: 4 | Z17: =X17/V17*100 -> 29.166667
U18: Instrumentation & Controls | V18: 4 | W18: =V18-X18 -> 2 | X18: 2 | Y18: 1 | Z18: =X18/V18*100 -> 50
U19: Maintenance | V19: 1 | W19: =V19-X19 -> 0 | X19: 1 | Y19: 0 | Z19: =X19/V19*100 -> 100
U20: Operations | V20: 15 | W20: =V20-X20 -> 13 | X20: 2 | Y20: 0 | Z20: =X20/V20*100 -> 13.333333
U21: Health & Safety | V21: 3 | W21: =V21-X21 -> 3 | X21: 0 | Y21: 2 | Z21: =X21/V21*100 -> 0
B23: PHA Risk Ranking
B24: High | C24: ='2024 PHA - 500,800,900'!H65+'2023 PHA - 100,200'!H40+'2021 PHA -300,400,600'!H42 -> 12
B25: Medium | C25: ='2024 PHA - 500,800,900'!H66+'2023 PHA - 100,200'!H41+'2021 PHA -300,400,600'!H43 -> 8
B26: Low | C26: ='2024 PHA - 500,800,900'!H67+'2023 PHA - 100,200'!H42+'2021 PHA -300,400,600'!H44 -> 29
V31: PSM Element Recommendation Status
T33: 2021 | U33: PSM Element | V33: Total | W33: Open | X33: Closed | Y33: In-Progress | Z33: Closure%
U34: Applicability | V34: 2 | W34: 0 | X34: 2 | Y34: 0 | Z34: =X34/V34*100 -> 100
U35: Contractors | V35: 2 | W35: =V35-X35 -> 0 | X35: 2 | Y35: 0 | Z35: =X35/V35*100 -> 100
U36: Emergency Planning & Response | V36: 2 | W36: =V36-X36 -> 1 | X36: 1 | Y36: 1 | Z36: =X36/V36*100 -> 50
U37: Employee Participation | V37: 1 | W37: =V37-X37 -> 0 | X37: 1 | Y37: 0 | Z37: =X37/V37*100 -> 100
U38: Hot Work Permit | V38: 1 | W38: =V38-X38 -> 0 | X38: 1 | Y38: 0 | Z38: =X38/V38*100 -> 100
U39: Incident Investigation | V39: 4 | W39: =V39-X39 -> 0 | X39: 4 | Y39: 0 | Z39: =X39/V39*100 -> 100
U40: M.I | V40: 3 | W40: =V40-X40 -> 1 | X40: 2 | Y40: 0 | Z40: =X40/V40*100 -> 66.666667
U41: MOC/PSSR | V41: 1 | W41: =V41-X41 -> 0 | X41: 1 | Y41: 0 | Z41: =X41/V41*100 -> 100
U42: Operating Procedures | V42: 2 | W42: =V42-X42 -> 0 | X42: 2 | Y42: 0 | Z42: =X42/V42*100 -> 100
U43: PHA | V43: 3 | W43: =V43-X43 -> 1 | X43: 2 | Y43: 3 | Z43: =X43/V43*100 -> 66.666667
U44: PSI | V44: 3 | W44: =V44-X44 -> 2 | X44: 1 | Y44: 2 | Z44: =X44/V44*100 -> 33.333333
U45: Training | V45: 1 | W45: =V45-X45 -> 0 | X45: 1 | Y45: 0 | Z45: =X45/V45*100 -> 100

Sheet 2026 PSM_RMP

Sheet 2026 PHA - 300,400,600
A1: # | B1: Area/ Equipment | C1: Recomendation | D1: Consequence | E1: Cause | F1: Event | G1: Node | H1: Priority/ Risk | I1: Accepted (Y/N) | J1: Task/ Justification | K1: Department | L1: Owner | M1: Status | N1: Notes
A2: 1 | B2: V-7406 | C2: Consider a low level or pressure cutoff (LI 404##) on V-7406 to cut off pumps P-7406A/B | D2: 1.1.1. Pull vacuum on the vessel leading to loss of containment, potential for fire and personnel injury | E2: 1. Pumping out of V-7406 with no polymer or cyclohexane in the vessel. | F2: 1.1. Human Error - running pump with stripper empty | G2: 10. 1st Stripper V-7406 | H2: Low
B3: V-7407 | D3: 1.1.1. Pull vacuum on the vessel leading to loss of containment, potential for fire and personnel injury | E3: 1. Pumping out of V-7407 with no polymer or cyclohexane in the vessel. | F3: 1.1. Human Error - running pump with stripper empty | G3: 11. 2nd Stripper V-7407 | H3: Low
B4: V-7408 | D4: 1.1.1. Pull vacuum on the vessel leading to loss of containment, potential for fire and personnel injury | E4: 1. Pumping out of V-7408 with no polymer or cyclohexane in the vessel. | F4: 1.1. Human Error - running pump with stripper empty | G4: 12. 3rd Stripper V-7408 | H4: Low
A5: 2 | B5: V-7405 | C5: Consider a low level or pressure cutoff (LI 404##) on V-7405 to cut off pumps P-7404A/B | D5: 8.1.1. Pump deadheads into valve leading to loss of containment of cyclohexane potentially causing a fire and personnel injury. | E5: 8. Manual valve closed at discharge of P-7404A/B | F5: 8.1. Valve is not opened after maintenance (100x) | G5: 8. Wastewater Stripper Decanter (V-7405) and Fin Fan Cooler (E-7405) Stripper Decanter Refrigerant Condenser (E-7407) | H5: Medium
D6: 1.1.1. Pull vacuum on the vessel leading to loss of containment, potential for fire and personnel injury | E6: 1. Pumping out of V-7405 empty with P-7404 or 7405. | F6: 1.1. Human Error - running pump with reactor empty | H6: Low
A7: 3 | B7: R-7302 | C7: Make sure hardwired PSH 30220 (Interlock 30102) and PAH 30219 are independent from each other. | D7: 1.1.1. During Butadiene charge, no cooling water leads to increased reaction, pressure and temperature and possibly damaging R-7302 leading to loss of containment with fire and personnel injury | E7: 1. Too little cooling water (80 F) | F7: 1.1. | G7: 2. 2nd Polymerization Reactor (R-7302) | H7: Low
A8: 4 | B8: R-7302 | C8: Make sure hardwired PSH 30220 (Interlock 30102) and PAH 30119 are independent from each other. | D8: 1.1.1. Leads to runaway reaction with pressure and temperature leading to reactor damage, loss of containment and multiple personnel fatality | E8: 1. Too much Butadiene | F8: 1.1. Human error - too much reactant | G8: 2. 2nd Polymerization Reactor (R-7302) | H8: Medium
A9: 5 | B9: R-7302 | C9: Confirm that PSV 30214 is adequate to mitigating a runaway reaction from too much butadiene | D9: 1.1.1. Leads to runaway reaction with pressure and temperature leading to reactor damage, loss of containment and multiple personnel fatality | E9: 1. Too much Butadiene | F9: 1.1. Human error - too much reactant | G9: 2. 2nd Polymerization Reactor (R-7302) | H9: Medium
A10: 6 | B10: R-7302 | C10: Make sure hardwired PSH 30320 (Interlock 30302) and PAH 30319 are independent from each other. | D10: 1.1.1. During Butadiene charge, no cooling water leads to increased reaction, pressure and temperature and possibly damaging R-7303 leading to loss of containment with fire and personnel injury | E10: 1. Too little cooling water (80 F) | F10: 1.1. | G10: 3. 3rd Polymerization Reactor (R-7302) | H10: Low
D11: 1.1.1. Leads to runaway reaction with pressure and temperature leading to reactor damage, loss of containment and multiple personnel fatality | E11: 1. Too much Butadiene | F11: 1.1. Human error - too much reactant | H11: Medium
A12: 7 | B12: R-7307 | C12: Reactivate the low level or pressure cutoff (LI 30321) on R-7303 to cut off pumps P-7301A/B/C | D12: 3.1.1. Pull vacuum on the reactor leading to loss of containment, potential for fire and personnel injury | E12: 3. P-7301 A/B/C runs with R-7303 empty | F12: 3.1. Human Error - running pump with reactor empty | G12: 3. 3rd Polymerization Reactor (R-7302) | H12: Low
A13: 8 | B13: R-7302 | C13: Confirm that PSV 30314 is adequate to mitigating a runaway reaction from too much butadiene | D13: 1.1.1. Leads to runaway reaction with pressure and temperature leading to reactor damage, loss of containment and multiple personnel fatality | E13: 1. Too much Butadiene | F13: 1.1. Human error - too much reactant | G13: 3. 3rd Polymerization Reactor (R-7302) | H13: Medium
A14: 9 | B14: V-7601 | C14: Consider inspecting V-7601 outer shell for corrosion under insulation and determine further need or appropriate frequency for further inspections. | D14: 1.1.1. Leak develops from corrosion under insulation which leads to loss of containment of hot condensate and personnel injury | E14: 1. Corrosion under insulation for V-7601 | F14: 1.1. | G14: 16. Condensate Collection Tank (V-7601) | H14: Low
A15: 10 | B15: H-7624 | C15: Update scale on FT 60701 with appropriate high and low flow setpoints | D15: 3.1.2. Impacts agitators, pump seals and condensers in all areas including 300 and 400 areas | E15: 3. Suction valve to P-7624 A/B/C is closed | F15: 3.1. Valve is not opened after maintenance (100x) | G15: 19. Cooling Tower (H-7624) | H15: Medium
D16: 4.1.2. Impacts agitators, pump seals and condensers in all areas including 300 and 400 areas | E16: 4. Discharge valve to P-7624 A/B/C is closed | F16: 4.1. Valve is not opened after maintenance (100x) | H16: Medium
D17: 1.1.1. Leads to less water to the pumps and possible environmental issues with overhead condensers | E17: 1. Basin leaks (large) | F17: 1.1. Leak | H17: Medium
D18: 1.1.1. Leads to leaking water lines and possible loss of flow to critical condensers leading to environmental issues | E18: 1. Cooling water piping from H-7624 | F18: 1.1. Corrosion | H18: Medium
A19: 11 | B19: H-7624 | C19: Set TI 60711 high temperature process alarm at a temperature that protects coolers from permit excursions | D19: 1.1.1. Could lead to environmental issues if the plant is fully loaded and the weather is warm. | E19: 1. Cooling Tower fan failure | F19: 1.1. Equipment failure | G19: 19. Cooling Tower (H-7624) | H19: Low
A20: 12 | B20: V-7403 | C20: Review all the TK-105 interlocks to make sure the new system operates as purposed. | D20: 3.1.1. Material from one vessel will overflow into the other blend tanks - No safety impact. | E20: 3. P-7404 B is used to put too much material in V-7401 or New XV50213B is opened when it should not be | F20: 3.1. | G20: 7. Blend Tank V-7403 (Temporary Wet Solvent Tank for TK-105) (MOC #1239)) Team is recorded on the 500 PHA | H20: Low
A21: 13 | B21: V-7644 | C21: Review EF-902 P&ID and confirm that V-7644 pump out direction is correct to V-7405. The team feels this is in error. | D21: 1.1.1. Materials overflow from reactor leading to liquids to the Polymer Blowdown Header with possible loss of containment, potential for fire and personnel injury | E21: 1. Too much reactants put into R-7301 | F21: 1.1. Human error - too much reactants (10x) | G21: 1. 1st Polymerization Reactor (R-7301) | H21: Low
A22: 14 | B22: V-7405 | C22: Note a high temperature alarm on TI 60413. | D22: 3.1.1. Increases heat load on E-7407 and V-7405 leading to environmental impact | E22: 3. No refrigerated water | F22: 3.1. | G22: 8. Wastewater Stripper Decanter (V-7405) and Fin Fan Cooler (E-7405) Stripper Decanter Refrigerant Condenser (E-7407) | H22: Low
A23: 15 | B23: T-7401 | C23: Consider a low level switch on the Stripper or low flow switch to the Pumps P-7405A/B or P-7402 to prevent the stripper from being emptied with steam fed to it. | D23: 6.1.1. Empty the WW Stripper leading to overheating from steam and damage to the stripper, loss of containment of steam, personnel injury | E23: 6. LV 20 fails open | F23: 6.1. | G23: 9. Wastewater Stripper (T-7401) | H23: Medium
A24: 16 | B24: V-7406 | C24: Consider a low level or flow cutoff from the 1st Stripper to cut off pumps P-7406A/B | D24: 3.1.1. Pump deadheads into valve leading to loss of containment of rubber and cyclohexane potentially causing a fire and personnel injury. | E24: 3. Manual valve closed at the discharge of the P-7406 A and B outlet of the reactor | F24: 3.1. Valve is not opened after maintenance (100x) | G24: 10. 1st Stripper V-7406 | H24: Medium
D25: 4.1.1. Pump cavitates from closed suction valve leading to loss of containment of rubber and cyclohexane potentially causing a fire and personnel injury. | E25: 4. Manual valve closed at bottom of V-7406 and at the suction of the P-7406 A or B outlet of the reactor | F25: 4.1. Valve is not opened after maintenance (100x) | H25: Medium
A26: 17 | B26: V-7407 | C26: Consider a low level or flow cutoff from the 2nd Stripper to cut off pumps P-7407 | D26: 2.1.1. Pump deadheads into valve leading to loss of containment of rubber and cyclohexane potentially causing a fire and personnel injury. | E26: 2. Manual valve closed at the discharge of the P-7407 outlet of the reactor | F26: 2.1. Valve is not opened after maintenance (100x) | G26: 11. 2nd Stripper V-7407 | H26: Medium
D27: 3.1.1. Pump cavitates from closed suction valve leading to loss of containment of rubber and cyclohexane potentially causing a fire and personnel injury. | E27: 3. Manual valve closed at bottom of V-7407 and at the suction of the P-7407 outlet of the reactor | F27: 3.1. Valve is not opened after maintenance (100x) | H27: Medium
A28: 18 | B28: V-7408 | C28: Consider a low level or flow cutoff from the 2nd Stripper to cut off pumps P-7408/9B | D28: 2.1.1. Pump deadheads into valve leading to loss of containment of rubber and cyclohexane potentially causing a fire and personnel injury. | E28: 2. Manual valve closed at the discharge of the P-7408/9A outlet of the reactor | F28: 2.1. Valve is not opened after maintenance (100x) | G28: 12. 3rd Stripper V-7408 | H28: Medium
D29: 3.1.1. Pump cavitates from closed suction valve leading to loss of containment of rubber and cyclohexane potentially causing a fire and personnel injury. | E29: 3. Manual valve closed at bottom of V-7408 and at the suction of the P-7408/9A outlet of the reactor | F29: 3.1. Valve is not opened after maintenance (100x) | H29: Medium
A30: 19 | B30: V-7601 | C30: Consider a low level or flow cutoff from the Condensate Collection Tank to cut off pumps P-7601A/B | D30: 5.1.2. Cavitate P-7601 A/B leading to pump damage and possible loss of containment of hot condensate leading to personnel injury | E30: 5. LV60103 fails open | F30: 5.1. Control valve failure | G30: 16. Condensate Collection Tank (V-7601) | H30: Medium
A31: 20 | B31: V-7603 | C31: Install a vacuum breaker on the Deaerator V/T-7603 instead of using a check valve since the deaerator is a coded vessel. | D31: 2.1.1. Pressure loss on Deaerator leading to loss of containment of hot water burning personnel | E31: 2. Sudden cooling of deaerator creates a vacuum on the Deaerator | F31: 2.1. Maintenance Event | G31: 31. Deaerator (V-7603) | H31: Medium
B34: Total | C34: 20
B35: Rejected
B36: Accepted
B37: Open
B38: Closed
B39: In-Progress

Sheet 2024 PHA - 500,800,900
A1: Category | B1: Recommendation | C1: Area/ Equipment | D1: Task | E1: Priority | F1: Department | G1: Owner | H1: Status | I1: Notes
A2: HAZOP/LOPA | B2: Develop Emergency Shutdown Procedure for how to manually stop flow if Interlock 50501 does not work | C2: V-7512 Dry Solvent Surge Drum | D2: Write and implement Emergency Shutdown Procedure for V-7512 Dry Solvent Surge Drum; train operators and validate during drills | E2: High | F2: Operations | G2: Silvie Varghese | H2: Open | I2: PHA 800/800/900
A3: HAZOP/LOPA | B3: Develop Emergency Shutdown Procedure for how to manually stop flow if Interlock 50104 does not work | C3: TK-105 Wet Solvent Tank | D3: Write and implement Emergency Shutdown Procedure for TK-105 Wet Solvent Tank; train operators and validate during drills | E3: High | F3: Operations | G3: Silvie Varghese | H3: Open | I3: PHA 800/800/900
A4: HAZOP/LOPA | B4: Develop Emergency Shutdown Procedure for how to manually depressure T-7511 Solvent Column if Interlock 50301 fails | C4: T-7511 Solvent Column | D4: Write and implement Emergency Shutdown Procedure for T-7511 Solvent Column; train operators and validate during drills | E4: High | F4: Operations | G4: Silvie Varghese | H4: Closed | I4: PHA 800/800/900 - SOP 500.1.5 Solvent Purification
A5: HAZOP/LOPA | B5: Consider removing T-7521 Solvent Purification Column, E-7521 Reboiler, and P-7522 system | C5: T-7521 / E-7521 / P-7522 | D5: Perform engineering evaluation for T-7521 / E-7521 / P-7522; implement required corrective action and close via MOC if needed | E5: Low | F5: Engineering | G5: Ron Vera | H5: Closed | I5: System air gapped and no longer in service
A6: HAZOP/LOPA | B6: Possible deadleg – consider blinding unused piping and update P&ID | C6: LV-50414 Line / Wet Solvent Decanter | D6: Inspect piping at LV-50414 Line / Wet Solvent Decanter for deadlegs; remove or install blinds; update drawings | E6: Medium | F6: Operations | G6: Pat Grigsby | H6: In-Progress | I6: PHA 800/800/900 - Leg is out of service. We can attempt to clear, only used when washing the styrene bed. There is a dead leg and it is still there. Danny and Pat to walkout and determine plan to remove deadleg. MOC for removal of deadleg required.
A7: HAZOP/LOPA | B7: Develop emergency shutdown procedure for Interlock 50506 failure | C7: Dry Solvent Distribution System | D7: Write and implement Emergency Shutdown Procedure for Dry Solvent Distribution System; train operators and validate during drills | E7: High | F7: Operations | G7: Silvie Varghese | H7: Open | I7: PHA 800/800/900. Need interlock details from Engineering Department.
A8: HAZOP/LOPA | B8: Consider CSC 1.5 inch MBV on Line 803008 to prevent vapor release | C8: Recycled Hydrocarbon Loading Line 803008 | D8: Perform engineering evaluation for Recycled Hydrocarbon Loading Line 803008; implement required corrective action and close via MOC if needed | E8: Low | F8: Engineering | G8: Ron Vera | H8: Closed | I8: No longer utilized in process
A9: HAZOP/LOPA | B9: Develop work instruction for manual operation if Interlock 80501 fails | C9: Recovered Monomers Loading System | D9: Design, install, and test interlock system for Recovered Monomers Loading System; document in SIS records | E9: High | F9: Instrumentation & Controls | H9: Closed | I9: No longer utilized in process
A10: HAZOP/LOPA | B10: Consider installing DCS run indication for P-7832 | C10: P-7832 Loading Pump | D10: Perform engineering evaluation for P-7832 Loading Pump; implement required corrective action and close via MOC if needed | E10: Low | F10: Operations | G10: James Buie | H10: In-Progress | I10: PHA 800/800/900 - There is no DCS indication for this pump. Hand off to engineering if we need it. If we do P-7832, we need to look into doing P-7831 as well
A11: HAZOP/LOPA | B11: Determine if Line 611049 is still in service | C11: High Pressure Flare Header | D11: Perform engineering evaluation for High Pressure Flare Header; implement required corrective action and close via MOC if needed | E11: Low | F11: Engineering | G11: Ron Vera | H11: Open | I11: PHA 800/800/900. Conduct P&ID Review
A12: HAZOP/LOPA | B12: Determine if FO 90224 is still in service | C12: Flare Header Filter FO-90224 | D12: Perform engineering evaluation for Flare Header Filter FO-90224; implement required corrective action and close via MOC if needed | E12: Low | F12: Engineering | G12: Ron Vera | H12: Open | I12: PHA 800/800/900. Conduct P&ID Review
A13: HAZOP/LOPA | B13: Review MOC 879 and verify closure status - MOC canceled | C13: Low Pressure Flare Compressor | D13: Perform engineering evaluation for Low Pressure Flare Compressor; implement required corrective action and close via MOC if needed | E13: Low | F13: Engineering | G13: Ron Vera | H13: Closed | I13: PHA 800/800/900
A14: HAZOP/LOPA | B14: Review MOC 890 – indicated complete | C14: Compressor C-7644 | D14: Perform engineering evaluation for Compressor C-7644; implement required corrective action and close via MOC if needed | E14: Low | F14: Engineering | G14: Ron Vera | H14: Closed | I14: PHA 800/800/900
A15: HAZOP/LOPA | B15: Update Process Control Description for Interlock 905A37 | C15: Flare Compressor Control | D15: Design, install, and test interlock system for Flare Compressor Control; document in SIS records | E15: High | F15: Instrumentation & Controls | G15: Ron Vera | H15: Open | I15: PHA 800/800/900. FSR, confirm with Emma.
A16: HAZOP/LOPA | B16: CSO valves on firewater pumps discharge | C16: Firewater Distribution System | D16: Perform engineering evaluation for Firewater Distribution System; implement required corrective action and close via MOC if needed | E16: Low | F16: Health & Safety | G16: Chad Kelly | H16: Closed | I16: PHA 800/800/900 - Complete; car seals applied
A17: HAZOP/LOPA | B17: Review and reassign open MOCs to responsible personnel | C17: MOC Program | D17: Perform engineering evaluation for MOC Program; implement required corrective action and close via MOC if needed | E17: Low | F17: Engineering | G17: Ron Vera | H17: Closed | I17: PHA 800/800/900
A18: HAZOP/LOPA | B18: MOC 780 should be reviewed and completed - needs to be closed, work completed. | C18: T-7521 Column Modification | D18: Perform engineering evaluation for T-7521 Column Modification; implement required corrective action and close via MOC if needed | E18: Low | F18: Operations | G18: Pat Grigsby | H18: Closed | I18: Close MOC, veryify status of service
A19: HAZOP/LOPA | B19: MOC 986 completed – close | C19: Sample Point Removal (E-7513) | D19: Perform engineering evaluation for Sample Point Removal (E-7513); implement required corrective action and close via MOC if needed | E19: Low | F19: Engineering | G19: Ron Vera | H19: Closed | I19: PHA 800/800/900
A20: HAZOP/LOPA | B20: MOC 969 needs to be closed | C20: Solvent Feed Valve Modification | D20: Perform engineering evaluation for Solvent Feed Valve Modification; implement required corrective action and close via MOC if needed | E20: Low | F20: Engineering | G20: Ron Vera | H20: closed | I20: PHA 800/800/900
A21: HAZOP/LOPA | B21: Review MOC 885 – still open. Work completed, needs to be closed | C21: Natural Gas Flare Purge | D21: Perform engineering evaluation for Natural Gas Flare Purge; implement required corrective action and close via MOC if needed | E21: Low | F21: Engineering | G21: Ron Vera | H21: Closed | I21: PHA 800/800/900
... A62: HAZOP/LOPA | B62: Ensure MOC program aligns with current plant configuration | C62: MOC Program | D62: Perform engineering evaluation for MOC Program; implement required corrective action and close via MOC if needed | E62: Low | F62: Engineering | G62: Ron Vera | H62: In-Progress | I62: PHA 800/800/900
E64: Priority | F64: Total | G64: Closed | H64: Open
A65: Total | B65: 61 | E65: High | F65: 12 | G65: 3 | H65: =F65-G65 -> 9
A66: Open | B66: =B65-B67 -> 35 | E66: Medium | F66: 2 | G66: 1 | H66: =F66-G66 -> 1
A67: Closed | B67: 26 | E67: Low | F67: 47 | G67: 22 | H67: =F67-G67 -> 25
A68: In-Pro. | B68: 11

Sheet 2023 PHA - 100,200
A1: Category | B1: Recommendation | C1: Area/ Equipment | D1: Task | E1: Priority | F1: Department | G1: Owner | H1: Status | I1: Notes
A2: HAZOP | B2: Consider installing a Detector/Alarm in the area of the Chill Water Tank V-7611 | C2: V-7611 Chill Water Tank / E-7213 Dry BD Cooler | D2: Install detector/alarm system and integrate with DCS for early leak detection | E2: Medium | F2: Instrumentation & Controls | G2: Ron Vera | H2: Closed | I2: PHA 100/200
A3: HAZOP | B3: Consider adding a low pressure interlock (PSL 105##) on V-7123 | C3: V-7123 DMDCS Storage Tank | D3: Design and implement PSL interlock to prevent vacuum conditions | E3: High | F3: Instrumentation & Controls | G3: Ron Vera | H3: In-Progress | I3: Determine if vessel is vaccum rated; Vessel was determined not to be vaccum rated. Emma to evaluate
A4: HAZOP | B4: Make sure V-7123 is NOT vacuum rated; verify design | C4: V-7123 / V-7124 DMDCS Tanks | D4: Verify vessel rating and update design documentation if required | E4: High | F4: Engineering | G4: Ron Vera | H4: Closed | I4: Desgin reviewed by A. Saber; V-7123 is confirmed not rated for vaccum.
A5: HAZOP | B5: Evaluate risk of butadiene thermal expansion in pipeline | C5: Wet Butadiene Pipeline to V-7220 | D5: Perform thermal expansion analysis and add relief protection if needed | E5: High | F5: Engineering | G5: Ron Vera | H5: Closed | I5: Based on the PHA BD Pipeline recommendaation not justified.
A6: HAZOP | B6: Confirm with supplier that pipeline pressure protection exists | C6: Supplier BD Metering System | D6: Verify upstream safeguards and document pressure protection | E6: Medium | F6: Contractor Management | G6: Chad Kelly | H6: Closed | I6: PHA 100/200
A7: HAZOP | B7: Ensure PSV on V-7220 is designed for external fire case | C7: V-7220 Wet Butadiene Tank | D7: Validate PSV sizing for fire case per API 521 | E7: High | F7: Engineering | G7: Ron Vera | H7: Closed | I7: No action required since SPEC Engineering considered an external fire case in the sizing of the PRV
A8: HAZOP | B8: Consider additional high alarm on existing pressure or temperature transmitter | C8: V-7220 Wet Butadiene Tank | D8: Add redundant high alarm to warn operators of overpressure | E8: Medium | F8: Instrumentation & Controls | G8: Ron Vera | H8: In-Progress | I8: Add high-high alarm.
A9: HAZOP | B9: Ensure PSV-10 is designed for supplier letdown valve failure | C9: V-7220 Wet Butadiene Tank | D9: Evaluate inlet overpressure scenario and resize PSV if needed | E9: High | F9: Engineering | G9: Ron Vera | H9: Closed | I9: No action required since SPEC Engineerirng considered an excess pressure/flow coming from the pipeline and have safeguards in place to protect the equipment.
A10: HAZOP | B10: Implement leak detection strategy for Wet Butadiene Storage Tank | C10: V-7220 Wet Butadiene Tank | D10: Install LEL or gas detection with alarm coverage | E10: High | F10: Instrumentation & Controls | G10: Ron Vera | H10: Closed | I10: LEL monitors in the area that provide early leak detection of any sudden leaks as well as LDAR fugitive emission checks to detect small leaks.
A11: HAZOP | B11: Size PSV for liquid overfill case | C11: V-7220 Wet Butadiene Tank | D11: Perform overfill relief calculation and update PSV sizing | E11: High | F11: Engineering | G11: Ron Vera | H11: Closed | I11: No action required since SPEC Engineering considered an uncontrolled flow to the vessel when sizing of the PRV
A12: HAZOP | B12: Add low-level alarm on existing LT | C12: V-7220 Wet Butadiene Tank | D12: Configure low-level alarm with operator response procedures | E12: Medium | F12: Instrumentation & Controls | G12: Ron Vera | H12: Closed | I12: Scenario will not cause the consequences described in the report. Process alarm setpoints established for all analog signals to the DCS.
... A22: HAZOP | B22: Add differential pressure loop on filters F-7144A/B | C22: F-7144A/B Filters | D22: Install DP instrumentation to detect plugging | E22: Medium | F22: Operations | G22: Pat Grigsby | H22: Closed | I22: PHA 100/200 - Action Complete; There is a gauge before and after.
A23: HAZOP | B23: Develop additional safeguard to prevent loss of Irganox flow | C23: Irganox Transfer System | D23: Add redundancy or alarm to ensure flow continuity | E23: Medium | F23: Instrumentation & Controls | H23: Closed | I23: PHA 100/200
A24: HAZOP | B24: Confirm runaway reaction considered in dryer relief sizing | C24: T-7201 / T-7202 Dryers | D24: Review relief design for runaway reaction scenario | E24: High | F24: Engineering | G24: Jesse Frias | H24: In-Progress | I24: PHA 100/200
A25: HAZOP | B25: Improve response to dryer relief to quench tank | C25: TK-7210 Quench System | D25: Automate or improve emergency response systems | E25: High | F25: Engineering | G25: Ron Vera | H25: Closed | I25: PHA 100/200
A26: HAZOP | B26: Add temperature indication on sample cooler | C26: E-7215 Sample Cooler | D26: Install TI or verify existing indicator | E26: Low | F26: Engineering | G26: Ron Vera | H26: Open | I26: PHA 100/200
A27: Facility | B27: Ensure buried equipment is identified | C27: Plant Underground Systems | D27: Update drawings and field markers | E27: Medium | F27: Engineering | G27: Ron Vera | H27: In-Progress | I27: PHA 100/200
A28: Facility | B28: Post signage for classified electrical areas | C28: Class I Div Areas | D28: Install signage for hazardous area boundaries | E28: Medium | F28: Instrumentation & Controls | G28: James Buie | H28: closed | I28: PHA 100/200
A29: Facility | B29: Re-route power lines away from process hazards | C29: Plant Electrical Distribution | D29: Evaluate routing and relocate if required | E29: High | F29: Instrumentation & Controls | G29: James Buie | H29: Closed | I29: PHA 100/200
A30: Human Factors | B30: Audit and update instrument bypass procedures | C30: Control Systems | D30: Review procedures and implement improvements | E30: High | F30: Operations | G30: Silvie Varghese | H30: Closed | I30: See safety impariment list
A31: Human Factors | B31: Evaluate Boiler BMS for safety improvements | C31: Boiler System | D31: Assess automation and upgrade controls | E31: Medium | F31: Engineering | G31: Ron Vera | H31: Closed | I31: The current Boiler BMS was evaluated and confirmed to include appropriate trips and interlocks, including low water cutoff and flame failure protection, with automatic shutdown functionality. Existing safeguards are considered adequate for safe operation at this time.
A32: Human Factors | B32: Evaluate LEL systems for improved safety | C32: Plant Gas Detection | D32: Assess coverage and upgrade system | E32: High | F32: Instrumentation & Controls | G32: James Buie | H32: Closed | I32: PHA 100/200
A33: Human Factors | B33: Add Priority 1 alarm screen | C33: Control Room DCS | D33: Implement alarm management improvement | E33: Medium | F33: Instrumentation & Controls | G33: Ron Vera | H33: In-Progress | I33: PHA 100/200
A34: Human Factors | B34: Verify shift turnover procedure exists | C34: Operations | D34: Develop or update formal procedure | E34: Medium | F34: Operations | G34: Silvie Varghese | H34: Closed | I34: PHA 100/200
A35: Human Factors | B35: Improve critique of emergency drills | C35: Emergency Response Program | D35: Implement performance tracking and review | E35: Medium | F35: Health and Safety (EHS) | G35: Chad Kelly | H35: Closed | I35: PHA 100/200
A36: Human Factors | B36: Improve enforcement of safety policies | C36: Site Management | D36: Strengthen accountability and compliance tracking | E36: Medium | F36: Health and Safety (EHS) | G36: Chad Kelly | H36: Closed | I36: LCY strengthened accountability and compliance tracking by implementing an integrated HSE&Q manual, reinforcing program expectations during monthly safety meetings, and maintaining a Safety Observation Program monitored by the Health and Safety Manager to track unsafe conditions and ensure corrective actions are completed.
A37: Human Factors | B37: Document and share lessons learned | C37: Management Systems | D37: Create formal lessons learned program | E37: Medium | F37: Leadership | H37: Closed | I37: PHA 100/200
E39: Priority | F39: Total | G39: Closed | H39: Open
A40: Total | B40: 36 | E40: High | F40: 17 | G40: 14 | H40: =F40-G40 -> 3
A41: Open | B41: =B40-B42 -> 8 | E41: Medium | F41: 17 | G41: 13 | H41: =F41-G41 -> 4
A42: Closed | B42: 28 | E42: Low | F42: 2 | H42: =F42-G42 -> 2
A43: In-Pro. | B43: 7

Sheet 2021 PHA -300,400,600
A1: Category | B1: Recommendation | C1: Area/ Equipment | D1: Task | E1: Priority | F1: Department | G1: Owner | H1: Status | I1: Notes
A2: HAZOP/LOPA | B2: Confirm PSV 30114 adequacy | C2: Polymerization Reactor 1 | D2: 1. Confirm adequacy of PSVs for credible runaway scenarios. 2. Verify that high-pressure shutdown system is independent of the high pressure alarm function. 3. Review fire case venting calculations for the reactor to ensure adequate relieving capacity and safe guards are in place for excess BD addition and cooling water failure scenarios. | E2: High | F2: Instrumentation & Controls | G2: Ron Vera | H2: Closed | I2: Ron to provide supporting justification documentation, including PSV sizing and relieving calculations, for review and verification. Completed
A3: HAZOP/LOPA | B3: Confirm PSV 30214 adequacy | C3: Polymerization Reactor 2 | D3: 1. Confirm adequacy of PSVs for credible runaway scenarios. 2. Verify that high-pressure shutdown system is independent of the high pressure alarm function. 3. Review fire case venting calculations for the reactor to ensure adequate relieving capacity and safe guards are in place for excess BD addition and cooling water failure scenarios. | E3: High | F3: Instrumentation & Controls | G3: Ron Vera | H3: Closed | I3: Ron to provide supporting justification documentation, including PSV sizing and relieving calculations, for review and verification. Completed
A4: HAZOP/LOPA | B4: Confirm PSV 30314 adequacy | C4: Polymerization Reactor 3 | D4: 1. Confirm adequacy of PSVs for credible runaway scenarios. 2. Verify that high-pressure shutdown system is independent of the high pressure alarm function. 3. Review fire case venting calculations for the reactor to ensure adequate relieving capacity and safe guards are in place for excess BD addition and cooling water failure scenarios. | E4: High | F4: Instrumentation & Controls | G4: Ron Vera | H4: Closed | I4: Ron to provide supporting justification documentation, including PSV sizing and relieving calculations, for review and verification. Completed
A5: HAZOP/LOPA | B5: Inspect V-7601 for CUI and define inspection frequency | C5: Condensate Tank | D5: 1. Inspect for CUI on V-7601 (condensate tank). 2. Implement a corrosion prevention program that documents inspection intervals and frequency. | E5: High | F5: Mechanical Integrity | G5: Adel Saber | H5: Closed | I5: Inspection of V-7601 has been completed. A work order has been generated for the upcoming TAR to perform cleaning and coating activities. Inspection frequency for V-7601 has been established at every 5 years as part of the corrosion prevention program.
A6: HAZOP/LOPA | B6: Review PV 62123 fail-close scenario and add IPLs | C6: Deaerator | D6: Evaluate additional IPLs: *O2 analyzer *Temperature interlock *Minimum flow restriction. Verfiy steam source adequacy for O2 removal. | E6: High | F6: Instrumentation & Controls | G6: Ron Vera | H6: In-Progress | I6: FSR
A7: HAZOP/LOPA | B7: Update FT 60701 scale with high/ low points | C7: Cooling Tower (H-7624) | D7: Ensure alarms for: *Loss of cooling water *High process temerpatures. | E7: Medium | F7: Instrumentation & Controls | G7: Ron Vera | H7: In-Progress | I7: FSR
A8: HAZOP/LOPA | B8: Set TI 60711 high temperature alarm to protect exchangers | C8: Cooling Tower (H-7624) | D8: Ensure alarms for: *Loss of cooling water *High process temerpatures. | E8: Medium | F8: Instrumentation & Controls | G8: Ron Vera | H8: In-Progress | I8: FSR
A9: HAZOP/LOPA | B9: Upgrade/replace fuel oil system | C9: Diesel/ fuel oil storage tank (V-7621) | D9: Reinforce secondary containment and pump shutdown controls | E9: High | F9: Instrumentation & Controls | G9: Frank Chen | H9: Closed | I9: The original tank has been removed and replaced with a new reduced-capacity tank equipped with integrated secondary containment. The installation provides improved spill prevention and containment protection.
A10: Human Factors | B10: Evaluate the Boiler BMS for improving the processing information for automatic safety features | C10: Control Systems | D10: Current BMS includes trips and interlocks (low water cutoff, flame failure) and provides shutdown protection. | E10: Medium | F10: Instrumentation & Controls | G10: Frank Chen | H10: Closed | I10: The current Boiler BMS was evaluated and confirmed to include appropriate trips and interlocks, including low water cutoff and flame failure protection, with automatic shutdown functionality. Existing safeguards are considered adequate for safe operation at this time.
A11: Human Factors | B11: Evaluate LEL detection system | C11: Gas Detection | D11: The current LEL detection system provides combustible gas monitoring with audible alarms in the physical area and alarm notification through the DCS. | E11: Medium | F11: Instrumentation & Controls | G11: James Buie | H11: Closed | I11: The system is functional; however, commissioning activities are still pending prior to final acceptance and full implementation.
A12: Human Factors | B12: Add a screen for Priority 1 Alarms to improve the ability to quickly assess and troubleshoot the plant | C12: Alarm Management | D12: Prioritize visibility for critical alarms | E12: Medium | F12: Instrumentation & Controls | G12: Ron Vera | H12: In-Progress | I12: Alarm management improvements are ongoing, with a significant focus planned for 2027 projects.
... A15: Facility Siting | B15: Post Class I boundary signage | C15: Electrical Safety | D15: Install and maintain Class I boundary signage in accordance with area classification drawings and site electrical safety requirements. | E15: Low | F15: Instrumentation & Controls | G15: James Buie | H15: Closed | I15: Class I boundary signage to be posted in accordance with applicable area classification drawings and site electrical safety requirements. Completed
A16: HAZOP/LOPA | B16: Verify pump shutdown on low suction pressure | C16: Multiple Nodes | E16: Low | F16: Instrumentation & Controls | H16: Closed
A17: HAZOP/LOPA | B17: Evaluate need for flow switches on pumps | C17: Multiple Nodes | E17: Low | F17: Engineering | H17: Closed
A18: HAZOP/LOPA | B18: Confirm operator training procedures adequate | C18: Multiple Nodes | E18: Low | F18: Operations | H18: Closed
A19: HAZOP/LOPA | B19: Validate reactor fire case calculations | C19: Polymerization Reactors | E19: Low | F19: Engineering | H19: Closed
A20: HAZOP/LOPA | B20: Confirm independence of PSH and PAH interlocks | C20: Reactor Systems | E20: Low | F20: Instrumentation & Controls | H20: Closed
A21: HAZOP/LOPA | B21: Install/verify low level interlocks where applicable | C21: Tanks/Pumps | E21: Low | F21: Instrumentation & Controls | H21: Closed
A22: HAZOP/LOPA | B22: Evaluate backup level instrumentation | C22: Reflash Tank | E22: Low | F22: Instrumentation & Controls | H22: Closed
A23: HAZOP/LOPA | B23: Assess condenser and cooling alarms (TI 60413 etc.) | C23: Cooling/Condensers | E23: Low | F23: Instrumentation & Controls | H23: Closed
A24: HAZOP/LOPA | B24: Confirm corrosion prevention program effectiveness | C24: Multiple Assets | E24: Low | F24: Mechanical Integrity | H24: Closed
A25: HAZOP/LOPA | B25: Verify PM and inspection programs active | C25: All Equipment | E25: Low | F25: Mechanical Integrity | H25: Closed
A26: HAZOP/LOPA | B26: Review wastewater and environmental safeguards | C26: Wastewater Systems | E26: Low | F26: Engineering | H26: Closed
A27: HAZOP/LOPA | B27: Evaluate boiler safeguards (BMS, low water cutoff) | C27: Boiler System | E27: Low | F27: Engineering | H27: Closed
... A39: Facility Siting | B39: Evaluate rerouting of power lines (not feasible) | C39: Site Infrastructure | E39: Low | F39: Engineering | H39: Closed
A41: Total | B41: 38 | E41: Priority | F41: Total | G41: Closed | H41: Open
A42: Open | B42: =B41-B43 -> 6 | E42: High | F42: 6 | G42: 6 | H42: =F42-G42 -> 0
A43: Closed | B43: 32 | E43: Medium | F43: 6 | G43: 3 | H43: =F43-G43 -> 3
A44: In-Pro. | B44: 3 | E44: Low | F44: 26 | G44: 24 | H44: =F44-G44 -> 2

Sheet 2021 PSM Audit
A1: Category | B1: Item | C1: Question | D1: Finding | E1: Reommendation | F1: PSM_element | G1: Notes / Response to Recommendation | H1: Applicable | I1: Owner | J1: DueDate | K1: Current Status
A2: 2021 PSM Compliance Audit | B2: 1 | C2: 19010.119(a) | D2: At the time of the audit, the Boiler is not considered part of the PSM covered process. An incident happened at Wynnewood where the boiler exploded. It was cited as PSM covered by OSHA and ruled in favor by the court. | E2: Evaluate if boiler should be part of PSM covered process. | F2: Applicability | G2: For practical application, if your boiler: supplies steam to PSM-covered equipment, shares controls/interlocks with the process, is connected through common piping/headers, or its failure could initiate or worsen a release, then OSHA could reasonably consider it within the PSM-covered process boundary. | H2: True | I2: Ron Vera | K2: Closed
A3: 2021 PSM Compliance Audit | B3: 2 | C3: 1910.119(a) | D3: PSM covered areas not clearly identifed on a plot plan and P&ID's | E3: Show PSM covered areas and interaces with neighbors on a plot plan and PID's for clarity. | F3: Applicability | G3: PSM-covered process areas shall be identified and clearly delineated on the LCY plot plan. | H3: True | I3: Jesse Farias | J3: 46204 | K3: Closed
A4: 2021 PSM Compliance Audit | B4: 3 | D4: Per employee participation plan 1008.1 Rev. No. 2, monthly safety meeetings are the primary mechanism of employee involvement. Last monthly meeting happened in July, 2021 | E4: Ensure monthly meeting are occurrng every month per the procedure since it is primary mechanism of employee involvement per Employee Participation Procedure 1008.1 Rev. No.2 | F4: Employee Participation | G4: 7 safety meetings are conducted each month to review incident performance, safety observations, and relevenat occupational health and safety topics. In addition, a monthly safety committee meeting is held with partipations from personnel representing multiple departments across the site. | H4: True | I4: Chad Kelly | J4: 45962 | K4: Closed
A5: 2021 PSM Compliance Audit | B5: 4 | C5: 1910.119(d)3(i)(D) | D5: The affect of the 75K project on the PSV sizing has not been evaluated. The PSV designdoes not include a listing of all credible sources of overpressure. They only include sizing calculations for governing cases. | E5: Evaluate and document the effect of the throughput changes to the plant improvement project (75K project). Ensure the documentation folows LCY RAGAGEP for PSV sizing. Per API 520/521 (LCY RAGAGEP for PSV sizing), all the overpressure souces considered s | F5: Process Safety Information | G5: Although a PHA was completed for thr proposed 75K project, LCY has determined that the project will not move forward based on current business needs. Exisiting PSV sizing remains based on current operating conditions. | H5: FALSE | I5: Ron Vera | J5: 46148 | K5: Closed
A6: 2021 PSM Compliance Audit | B6: 5 | C6: 1910.119(d)(3)(i)(D) | D6: PSV 30341 size in the orignal sizing documentation from JB is different (3/4" X 1") from what is depicted on the PID (EF-303 Rev. 20) which is 1"X2" | E6: Ensure consistency in PSV sizing documentation and PID's for PSV 30341. Evaluate and identify the correct size and document the same on PID and PSV sizing documentation. | F6: Process Safety Information | G6: Ongoing documentation review effort is being conducted throught the 300 area in preparation for the upcoming PHA to ensure all P&IDs, PSVs, and associated redlines are verfied and updated. | H6: Ture | I6: Ron Vera | K6: Closed
A7: 2021 PSM Compliance Audit | B7: 6 | C7: 1910.119(d)(3)(i)(G) | D7: Material balance has not been updated since 1991 and changes to it have not been evaluated for any project changessuach as the plant improvement project of 2019 (75K project). Any changes to the material balance should be captured through the MOC process | E7: Update material balance document to reflect current plant production rates and whenever any project changes occur. Use a documentatoin change checklist with MOCs to capture any changes that need to be made to documents such as MB. | F7: Process Safety Information | G7: Material balance updates are ongoing. Projected completion date - 5/10/2026 | H7: True | I7: Ron Vera | J7: 46152 | K7: Closed
A8: 2021 PSM Compliance Audit | B8: 7 | C8: 1910.119(e)(5) | D8: Overdue PHA actions: 2016 PHA: 2 actions 2018 PHA: 7 actions | E8: Ensure all actions items from previous (2016 and 2018) PHAs are closed as soon as possible. | F8: Process Hazard Analysis | G8: See PHA Audit 2018 (100,200) & PHA Audit 2016 (300,400,600) for updated status | H8: True | I8: Jesse Farias | K8: In-Progress
A9: 2021 PSM Compliance Audit | B9: 8 | C9: 1910.119 ( e ) (5) | D9: Review of PHA procedure (1008.3 Rev. 2) does not define criteria to address and close PHA action items in a timely manner | E9: Establish a system to promptly address the PHA finding and recommendations and assure that the recommendations are resolved in a timely manner. Document the system in PHA procedure 1008.3 Rev. 2 | F9: Process Hazards Analysis | G9: PHA findings and recommendations shall be addressed through a formal management review process, including assignment of responsible person, establishment of due dates based on potential severity, and status tracking within the PSM Master Action Item Tracker. PHA Procedure 1008.3 Rev. 2 shall be updated to align with current site practices and action item management. | H9: Ture | I9: Jesse Farias | K9: Closed
A10: 2021 PSM Compliance Audit | B10: 9 | C10: 1910.119 ( e ) (3) (iv) | D10: 2019 PHA consequences: Were written with safeguards included. Worst case credible scenario was not developed. All applicable consquences such as public health, property damage, environmental impacts and adverse public reaction categories were not evaluated. | E10: Ensure to provide guidance for PHA facilitator in the PHA procedure (1008.3 Rev.2) on the following: 1. Consequences identified in the PHA are worst case and do not include safeguards. 2. Evaluate all applicable consequences such as worker health, public health, property damage and environmental impacts | F10: Process Hazards Analysis | G10: Ensure PHA Procedure 1008.3 Rev. 2 defines the process for conducting consequence evaluations using worst-case scenarios while appropriately crediting safeguards in sccordance with LCY severity matrix methodology. | H10: True | I10: Jesse Farias | K10: Closed
A11: 2021 PSM Compliance Audit | B11: 10 | C11: 1910.119 (f)(1)(ii)(A) | D11: Safety operating limits and the consquences of deviation document are not consistent with the PHA scenarios. | E11: LCY should document consequences of deviatoin to include the worst-case scenario which can be derived from the PHA. | F11: Operating Procedures | G11: Operating procedures are maintained within the area process procedures located on SharePoint. These procedures include established operating limits and identified consequences of deviation. The documented consequences will be reviewed against future PHA scenarios and revised as necessary to ensure consistency and with current process hazard evaluations. | H11: True | I11: Silvie Varghese | K11: Closed
A12: 2021 PSM Compliance Audit | B12: 11 | C12: 1910.119(f)(1)(iv) | D12: Operating procedures do not list all the safety systems and their functions such as PSVs or interlocks. Since SOPs are used to train operator, safety systems and their functions should be included. | E12: Ensure safety systems and their functions are identified in the operating procedures. | F12: Operating Procedures | G12: Based on a representitive sample review, it was verified that LCY operating procedures identify applicable safety systems and their intended functions. | H12: True | I12: Silvie Varghese | K12: Closed
A13: 2021 PSM Compliance Audit | B13: 12 | C13: 1910.119(g)(3) | D13: Although the refresher training of the operators is done on an annual basis, there is no formal documentation of the consultation of the operators on the frequency of training. | E13: LCY Elastomers should document consultation with employees involved in operating the process on the appropriate frequency for operator refresher training e.g. adding a question at the end of a test on the frequency of training. | F13: Training | G13: Operator refresher training is conducted annually through review of operating procedures covering routine operations, emergency shutdown procedures, and consequences of deviation. Operator competency is evaluated through annual testing. | H13: FALSE | I13: Silvie Varghese | K13: Closed
A14: 2021 PSM Compliance Audit | B14: 13 | C14: 1910.119(h)(2)(vi) | D14: No information was available at the time fo the audit related to the maintenance of a contract empolyee injury and illness log contractor's work in process areas (OSHA 300 log) that LCY supervises or logged injury and illness information for contractors. | E14: Develop and maintain a contract employee injury and illness log related to the contractor's work in process areas (i.e. OSHA 300 log) for contractors that LCY supervises or logged injury and illness information for contractors that LCY does not supervise | F14: Contractors | G14: Contractor safety performance is monitored, documented, and investigated by the HSEQ Department. Contractor Safety Policy SMS-018 clearly defines the responsibilities of both LCY personnel and contractors with respect to contractor safety management requirements. | H14: True | I14: Chad Kelly | K14: Closed
A15: 2021 PSM Compliance Audit | B15: 14 | C15: 1910.119(h)(2)(v) | D15: There is no formal process to perform periodic audits of the contractors working at the LCY site. | E15: Establish and document a system to periodically audit the contractors working on LCY Baytown site based on the requirements of 1910.119(h)(3). Retain the audits for PSM audit purposes. | F15: Contractors | G15: An LCY Contractor Safety Performance Evaluation Form has been developed and implemented. | H15: True | I15: Chad Kelly | K15: Closed
A16: 2021 PSM Compliance Audit | B16: 15 | C16: 1910.119(l)(1) | D16: Emergency MOC 1144 has been implemented bu the database status of the MOC is still open and not been formally closed. | E16: LCY should formally close MOC-1144 | F16: MOC/PSSR | G16: Verify that MOC-1144 is closed. | H16: True | I16: Ron Vera | K16: Closed
A17: 2021 PSM Compliance Audit | B17: 16 | C17: 1910.119(j)(4)(i) | D17: Past Due Inspections: I&E 16 overdue inspections (no work orders assigned) Rotating - 21 overdue inspections (no work orders assigned) Rotating - 134 overdue inspections noted to be completed during a shutdown | E17: LCY should monitor and measure planned maintenane inspection tasks that are overdue and develop and approve a deferment plan for overdue I&E and rotating equipment inspections. | F17: Mechanical Integrity | G17: Run past due report | H17: True | I17: Frank Chen | K17: closed
A18: 2021 PSM Compliance Audit | B18: 17 | C18: 1910.119(j)(4)(iv) | D18: 129 Fixed equipment work orders show overdue status but the inspections have been completed and the records reports and pictures have not been uploaded to officially close the past due inspections. | E18: LCY should document closure of the 129 fixed equipment work orders that show overdue status but have actually been completed. | F18: Mechanical Integrity | H18: True | I18: Frank Chen | K18: closed
A19: 2021 PSM Compliance Audit | B19: 18 | C19: 1910.119(j)(4)(i) | D19: Overdue inspection of fixed equipment E-7214 has been delayed until 2025. Auditor learned that the inspection is delayed because opening the equipment the will break the passivation layers. No formal deferral has been approved or risk analysis completed | E19: LCY should complete a risk assessment for the deferred preventive maintenance of E-7214 and approval any deferral plan based on the risk assessment. | F19: Mechanical Integrity | H19: True | I19: Frank Chen | K19: Closed
A20: 2021 PSM Compliance Audit | B20: 19 | C20: 1910.119(k) and 1910.252(a)(2) | D20: 8 of 29 Hot work perimts were deficient in one or more of the following requirements: 1. General checklist for hot work requirements not completed. 2. Time permit issued and/or expiration time not completed. 3. Fire watcher signoff or 30 min fire watch | E20: LCY should provide training to hot work permit issuers on the site's hot work procedure to ensure that hot work permits are fully completed both prior to and post hot work activities and that fire protection and prevention hazards are documented. | F20: Hot Work Permits | G20: Safe work permit training, including hot work permitting, was conducted in 2026 and will continue to be provided annually as refresher training. In addition, LCY plans to transition to an electronic work permit platform, which will help ensure all required fields are completed prior to official permit authorization and closure and reduce the potential for incomplete documentation. | H20: True | I20: Chad Kelly | K20: Closed
A21: 2021 PSM Compliance Audit | B21: 20 | C21: 1910.119(m)(1) | D21: Incident investigations are in various stages of completion and 2019-2021 have not been fully closed. All 20 incident records for 2021 are shown as "In Progress" and still open. Incident 28-2020 is still an open investigation Incidents 2019, 9-2019,3 | E21: LCY should finalize all documentation to clsoe open 2019,2020, and 2021 incidents and implement steps to prevent similar incidents from occurring. LCY should establish systems to properly address and resolve incident report findings. | F21: Incident Investigation | G21: Since 2021, LCY has experienced changes in site leadership and safety support personnel. In 2026, LCY developed and implemented formal protocols that clearly define the processes for reporting, tracking, managing, and investigating incidents and near-miss events. All 2021 incidents through 12/7/2021 Incident 28-2020 Incidents 2019 9-2019 32-2019 34-2019 37-2019 39-2019 | H21: True | I21: Chad Kelly | K21: In-Progress
A22: 2021 PSM Compliance Audit | B22: 21 | C22: 1910.119(m)(3) | D22: Incident investigation teams established to investigate incidents have not been documented in incident investigation reports. | E22: Lcy should document the incident investigation team members in incident investigation reports. | F22: Incident Investigation | G22: SMS-001 Incident Inestigations clearly defines site requirements for initiating, conducting, and closing incident investigations. | H22: True | I22: Chad Kelly | K22: Closed
A23: 2021 PSM Compliance Audit | B23: 22 | C23: 1910.119(m)(4)(iv) and/or 1910.119(m)(4)(v) | D23: Incident contributing factors and/or root causes are not documented in several incident reports Incidents: 9-2021 16-2021 18-2021 20-2021 | E23: LCY should ensure that the incident investigation process includes identification of the underlying causes of incidents to understand why the incidents occurred and to develop effective corrective actions to minimize or eliminate serious consequences from | F23: Incident Investigation | G23: Since 2021, LCY has experienced changes in site leadership and safety support personnel. In 2026, LCY developed and implemented formal protocols that clearly define the processes for reporting, tracking, managing, and investigating incidents and near-miss events | H23: True | I23: Chad Kelly | K23: Closed
A24: 2021 PSM Compliance Audit | B24: 23 | C24: 1910.119(m)(6) | D24: Per auditor interview, incident investigation reports have not been reviewed with affected personnel whose job tasks are relevant to the incident findings. | E24: LCY should implement a process to ensure that the incident investigation reports be reviewed with affected personnel whose job tasks are relevant to the incident findings. | F24: Incident Investigation | G24: Investigation findings, including contributing factors, root causes, and corrective actions, are communicated site-wide during monthly safety meetings. Physical copies of incident investigation reports are maintained on file and remain readily accessible for review. | H24: True | I24: Chad Kelly | K24: Closed
A25: 2021 PSM Compliance Audit | B25: 24 | C25: 1910.119(n) 1910.120(q) | D25: The site was not able to produce documentation of resolution of findings from 12/22/2020 drill critique (some workers were not able to hear alarms in Old Warehouse and Finishing Building) | E25: Resolve the findings from 12/22/2020 drill critique to ensure that alarms in the Old Warehouse and Finshing Building can be heard by personnel | F25: Emergency Plannign and Response | G25: Improving emergency alarm reliability remains an ongoing effort, with planned upgrades being implemented in areas where deficiencies have been identified. In the interim, personnel in these areas rely on radio communication with the emergency response team for emergency notification and response coordination. | H25: True | I25: Chad Kelly | K25: In-Progress
A26: 2021 PSM Compliance Audit | B26: 25 | C26: 1910.119(n) 1910157(c)(1) OSHA General Duty Clause Section 5 (a) (1) | D26: Based on site tour hot condensate / steam spray out at beam column 138 marking due to potential failed steam trap. Steam flow is directly into the path of the nearby fire extinguisher | E26: LCY should repair the steam spray out at beam column 138 marking to prevent injury to personnel and allow access to the nearby fire extinguisher | F26: Emergency Plannign and Response | G26: Repairs completed | H26: True | I26: Jan King | K26: Closed
A28: Total | B28: 25
A29: Open | B29: =B28-B30 -> 3
A30: Closed | B30: 22
A31: In. Pro | B31: 3
